variable,importancia_media,importancia_std
Rotational speed [rpm],0.20026058402054953,0.029775983109385763
Potencia_mecanica_W,0.17591386873575493,0.00666368390099609
Desgaste_torque,0.16579367322725921,0.015027161093928059
Diferencia_temperatura,0.1624117980239828,0.019646617763601232
Tool wear [min],0.06319701403106044,0.004811016285262975
Type,0.038441253894329654,0.010970043796789012
Torque [Nm],0.02177534647752898,0.0068147201407865
Air temperature [K],0.011954773361221971,0.005586884527484182
Process temperature [K],0.006038358532697141,0.005885138215515245
